,heading,date,link
0,"Fee Notice - DASA/SAARC/CIWG/MEA StudentsPublished By:  HIMANSHU SINGHAL, SENIOR SYSTEM ANALYST, CENTRAL COMPUTER CENTER",18-07-2019,https://www.imsnsit.org/imsnsit/plum_url.php?kuB7Klj2x3DFHmsv9uyVlq43e2WWYhtWoRQ+CcbYERjmqzh7xPT0yI8rwTEaW9fryfiWAIvVgaelRI7DEXdpBWNJ/TKprqxS8xcNbgAtjSfLoP8PJg2FMYeXRTa4m13jOUeE36qH+EL895fBZYPWaYPxCt0Ffs1HhUpeeGk2lTUooUGjLeYZkYb8unZjNGiu
1,"Invitation of  applications to the positions of Adjunct Faculty, Professor Emeritus and Visiting Faculty in NSUT - Last date 25th   July 2019Published By:  SURESH SARAF, ASST REGISTRAR-1, ESTABLISHMENT SECTION",18-07-2019,https://www.imsnsit.org/imsnsit/plum_url.php?6In5fUdNXD8qXZHLoixycXhhLdqWimLwKFioR228sPMPjTOvp5OTlbn90HE5vHvyCx3rShBhpLTZN1zZMwoU/ds//Q8YlZ854ptwdQCdHHf0OY1qyyu9xnEVQp4V772Wr8O4/UbpGmA7x+GiObpw6a98uKt+adMTOjfqnEDLsox991oXAx9ARR4Gih2mq8Y4zvRlrXZ5yEhXE2Fls/Pzww==
2,"Applications invited from Interested Students for Innovision and Resonanz 2019-20Published By:  ABHISHEK FAUJDAR, SENIOR SYSTEM ANALYST, CENTRAL COMPUTER CENTER",18-07-2019,https://www.imsnsit.org/imsnsit/plum_url.php?vpfClI6rVnrMrRb+4NgQ4mRLaIbIvAsE0OZZdv4d4qGfMskZIxJa0z5n5MGU8ec6uru9ZokbdmeS8+7R2qgTGqcymOteV550JfYAhNtA88xNP4vWtkcvxdZ2cvqGH9ag495PRcKcXBzFy6iwkWhUL/WhuKIquGWmHvehi8mzwz3PCb2jwIjxux00ILdSaJ1g/JTCWCgaUNhWaW/Z5PoSbFCTdBQE5t5BCtzsOCAZjRA=
3,"Revised Guest Faculty Interview SchedulePublished By:  KARNAIL SINGH, ACADEMIC SECTION",17-07-2019,https://www.imsnsit.org/imsnsit/plum_url.php?yG2HiVon/Y1Tey3lCBLpobFUQt9w2nJSMr7RJAVC7INfm2kiNDjn+YT5sAEuUuqX4GPeeOLNmiuOW6rs3EvfsaSvgZSYePkDi632v08xK+tBc/x80mrCzXn1rWFWwDfqeuRb0zpGN8+52YCaC/PFNSWYoMB0N7EkJg4HZj6rUuAkIYOiY9ORT83XtMVuBAC6vkd1CsGd5Qzq4vOEfXNR1w==
4,"Revises schedule of lnterview of the Guest\r\nFacultiesPublished By:  HIMANSHU SINGHAL, SENIOR SYSTEM ANALYST-1, UNIVERSITY MANAGEMENT CENTRE, CENTRAL COMPUTER CENTER",17-07-2019,https://www.imsnsit.org/imsnsit/plum_url.php?skg7iZ467r6Wujo/Pbe3+ZGQylCCN498HDsgzXuN8rAkQXeTlBlGMA7LN6Ari7q+vcrsUnpRJHQTQK/e8MkmcZxXJZKGEBrKgT3c/H+JCjhJn4llxn3BAM1xhPzIRxKaQXK8cSppGJba0AxbUdP6N0T/VSRM6kG9u3WHdL2JqinH7Ql79W0rWHaLc0/ZOxim
5,"Guidelines for Student Registration for B. E. 5th & 7th Semester StudentsPublished By:  KHUSHIL KUMAR SAINI, COORDINATOR, UNIVERSITY MANAGEMENT CENTRE, CENTRAL COMPUTER CENTER",16-07-2019,https://www.imsnsit.org/imsnsit/plum_url.php?RfHEePS++wmew0F5yGRygPGPAlBHYT2Ah9cNr31h/IEkr5qwNX0sXZaV5VlTmIgbtjMQuVmxHwfirtUJG9PPD9QNqxSETDzW0f8j3iybNY7EeNlMMdmSDVchf23919W3CiXYirUekNqpVwGNAga/LkGtuGfVrBWBo3WSo37SJKbA5ZN3K+I3bWHAmO8I8aSyhQb7wEg0oVMJbcA4gxo6R+VlfL8IP2BzPi8jCdMjLchbjB2QCOBe6vLYcIqrkuNc
6,"Revised ME Time Table ODD 2019 : 1st. 3rd, 5th and 7th SemesterPublished By: Dr ANDRIYA NARASIMHULU, ASSISTANT PROFESSOR, MANUFACTURING PROCESSES AND AUTOMATION ENGINEERING",14-07-2019,https://www.imsnsit.org/imsnsit/plum_url.php?ZNVxMbqU6IkZguRa4Tfv1WZ5UjeBxs49Om+6VcfD2hjJvhkICr7aAf1LB8nz4v6drnx0+bBkGk2tS82F15SwK+qsRvrdhmbG2LV0/HOYxE5VfcpaxGz+f1W3hOBIFo39aUFSV3wEv+Va7JXwAab/twKJikSBaGWGz1e86em5iI4mh86nKhAmRvg17+7XbNAZHBwonVS4uhx1ma3b0Id4zA==
7,"Revised MPAE Time Table ODD 2019 : 1st. 3rd, 5th and 7th SemesterPublished By: Dr ANDRIYA NARASIMHULU, ASSISTANT PROFESSOR, MANUFACTURING PROCESSES AND AUTOMATION ENGINEERING",14-07-2019,https://www.imsnsit.org/imsnsit/plum_url.php?+kjZk2t5rrvYteAuM4o0sT+Qm6dxMtf5hcfd6qOZEpyPdnP5FSE+iEB4CifxrAgJvRDxp6orlg0K+aRBaz8cB+U3qFsZwHLDuQqKEL2xmNCqlG18H7pNhXRJYh8/SZ2vYbbbYrk8dHv8PDQbiR82E57M53XES9tYmv2slAFOR4NUa+xydbGeU8QeRMtBkqGWNRFxgFAnoCxPUdBPUlM0Aw==
8,"Fee NoticePublished By:  HIMANSHU SINGHAL, CENTRAL COMPUTER CENTER",12-07-2019,https://www.imsnsit.org/imsnsit/plum_url.php?nJcUUFwMt1LKoL4T09DKZ5QG+X8mt57zE95cLt0ML9o+l04B1atkHoxCOzaTHgcCct2v96XyGAq21UriRMzgolaVjIf2ETf8xD2Vka/GrESArjO0R4eGy5OYHpVwdktVN2AifmcEFMyKHKWHsG5y8eyMFOl9+Sm9xUsfGjPDInZcxg+vGK6ltlFqSSgCTkxk
9,"Guest Faculty interview SchedulePublished By:  KARNAIL SINGH, UDC, ACADEMIC SECTION",12-07-2019,https://www.imsnsit.org/imsnsit/plum_url.php?MsJMYFYCX+9tMuh2grccK9CY94D5V0NpDVZn2UK4x3BCCqYgPN/6bL/Y6QdTBTdBGqW/VMjjELcgrRJVE8iUew9jm534A3f787GpyAZ1g+so0S3BS1slPjQO3Q4MMPwblX2MVT3+Ka7e0LK4XDIw0HA49RY7OI6TZc+LqNA6JCXZerR0raOAN52mTubZkeZ6AyffDwSdLfkye+S4Na9YIz4xhxF+tdxDv1khh3VJmrgs2wHvk6Cco3eysGDV9ciB
10,"REVISED ELECTIVE TIME TABLE IF ICE FIFTH AND SEVENTH SEMPublished By: Ms. MANISHA, ASSISTANT PROFESSOR, INSTRUMENTATION AND CONTROL ENGINEERING",11-07-2019,https://www.imsnsit.org/imsnsit/plum_url.php?f7pbj7pCcj4WYQDnweDid1UKLO3m2aVCN3zP3lmpSFsXXxD8plWgmRUmd1R209SETOtbPXmcc+0NA95ixtxOQrdJgzkgW+G5AhgBTezR9YZDELtDr36lbPIoaLfsPwTl+jm6kgAJ/JbadAMCZXyro80BeOhSNCnybP7hBw1nfeE8xTdEZZw4teqnS+3Hch6OSXz819dGetRIVszwZ5Wc4Kd+89k4VxRPIHBmmpR5DuvQvbTUmJiGUtscfRgFOkjP
11,"Prime Minister Research Fellows (PMRF) ProgramPublished By:  HIMANSHU SINGHAL, SENIOR SYSTEM ANALYST-1, UNIVERSITY MANAGEMENT CENTRE, CENTRAL COMPUTER CENTER",11-07-2019,https://www.imsnsit.org/imsnsit/plum_url.php?rNyC97oEDcZPUILXM6jKeZgLvddRJyaLvFAuCdA9T7EZTSaNfGCVRN66Mv12lhyQIEXvMvR+jv8ACNxJzpdOFQFfGaX2rlfWib6jSsdnCpgT6qktHnz0xsz6QxoY/0imk8k3w5CUz3aKgJiQw36wRj0bcXT8VylUaujEhAUH+t0uAqZhvdNOMBF4LpK/Du1x
12,"Merit-cum-Means Linked Financial Assistance SchemePublished By:  HIMANSHU SINGHAL, CIMS COORDINATOR1, CENTRAL COMPUTER CENTER",09-07-2019,https://www.imsnsit.org/imsnsit/plum_url.php?/FGjWDjMr8MD6o1XOY3t/gTO2IlUq2AK+Ypa/nWEH8+KBTjV/wKtUCdZmruirC5/K5XYT3TZnci0Zr6bMM7wGem72NHeOqyRP1LTNefmdGWjAHh7c+ip/67ITADvP4SjidRR3rNDRQuCuOrmMBE2NiWuBE8C3fitT4SOUtNtr00jDs9kJzSrWtWwlBGMC3eJQwSbbhaaQff12RVPTTRlTg==
13,"Training for CUMS Modules for LTC and CEA to all Administration Officers/Officials/ Dealing AssistantsPublished By:  SURESH SARAF, ASST REGISTRAR-1, ESTABLISHMENT SECTION",05-07-2019,https://www.imsnsit.org/imsnsit/plum_url.php?CXQnlcD+bJv6jAj8vlkCdPLTAg1zKIh4JposL43QPUgJOwrsNimpkaiDl+kkwafKnWJ80rhAtvimzoowcj70cGIaCxBheEv6x0H/LqtjWY6eyKOkpXc4pjF8+C41xHTQcvNXwFtXoAFbGgoKt4FPeG720KGpNuHZYAZRJtpAJRdIXR5w3ePaythJsLxi7gOo
14,"GH-1 Allotment list for 2nd , 3rd , and 4th yearPublished By:  SHWETA GAUTAM, HOSTEL WARDEN, ELECTRONICS AND COMMUNICATION ENGINEERING",04-07-2019,https://www.imsnsit.org/imsnsit/plum_url.php?DGaOwG9WbjiBmlzr+tnFI4swU28lq9eWHI2WJthAEhpvV6f2L2B/kLYaAJR80NC+SaRr+LZKK7CjAEJMjidQ2V4nnYbEmfKEXkvV5JPwiLRvsNfkcXgXxJy34FaBBHUKrVreAx2s1n0KMInu7UDGCa9oXYsKJnaf0b74q9xHfM64BUaVLYkG+27zXyOYBjXhMPTQDt1oJXUTg+39M3yASw==
15,"FEE NOTICEPublished By:  HIMANSHU SINGHAL, CENTRAL COMPUTER CENTER",03-07-2019,https://www.imsnsit.org/imsnsit/plum_url.php?Cd7FS+N8VJmRaKF4GHe7NGeDOQAnRYNJoourip7FYSSVuYIw4uh+vQZT29K8rXDs7qFY/tN86JvzVM64by16Yn/PBgoaJojBFcP9sdlWV4SCKYzCoBUaqGWOtLpBwFGSulPSuMa0zzhW6LffeCpRmbIMX3oBqhQQT+uo0l8Ih2uMwHf4RM3wEL+U2oHAOBPz
16,"Time table for the III sem Odd Semester 2019 for Foundation Elective CoursesPublished By:  PREETI KAUR, ASSOCIATE PROFESSOR, COMPUTER ENGINEERING",02-07-2019,https://www.imsnsit.org/imsnsit/plum_url.php?C7c7/Bn0grxnoZLrWqz5Fsz+KN7NIstoU/hI4TBeF+y21g/jY+HMSn0reJP4ibaTn33Eez6shrAxOA7Wx/fbslKkGUe+dP3AdswuR6jPKvsSKp2c/WdvZXr86FUqf87ACZC2OWHb9DTpOvYL62UQ6davO5hOkFS6rAce290ce+ajeSDlu/sqb53AJE7WFLdgUD7QvT5TSkxDymYZ654a3fV0FU9oQ7KoGQZs8mXsy9Fo1D0Yu0dEbYesgMTghouE
17,"Annual Fee for 2019-20Published By:  HIMANSHU SINGHAL, CENTRAL COMPUTER CENTER",28-06-2019,https://www.imsnsit.org/imsnsit/plum_url.php?NBLdby6pmZnZ8vyFfhyXGcp1tDAKaBPgRHY58MlhDr+eGRcoC/iX5da6VnG+4LQAkrnJptHPjc4IXj6E67eZQzdDCfhX2pp/5KVvcOp7ykTF2g4/dG9U8jLs/cd8RJdGTbK4FT80FSz6CBVGv35JzlQj1usc0dXgbJCvjJByUK39JEBDM54XiiZ1WLFS+FF2
18,"Information Regarding Hostel Room Allotment For FIRST YEAR Students (Academic Session 2019-20)Published By: PROF SHREE PRAKASH SINGH, CHIEF WARDEN, HOSTEL",28-06-2019,https://www.imsnsit.org/imsnsit/plum_url.php?Xmj9JNykKBSsZjOWDRyul+h4mkzw0PtN3+hkzTtXG7EDdl2TnuaCJ7zzLZJ5JChHwj7t3iVOEJpduFez7/2dGz8mHPf7TMv8NNCzYRW9uoyDZdVcG/2SboQgynvvkRFtI3GcEpwcQQNd39KEjCzDQqOXLCKalufAIdxfDgMsHEiqBfzJiEEpR24eUFZEni/qXopsW5X+nAFT4DlNDiKS1iNYzmLPWBqwyLPttKLJRG8=
19,"Hostel allotment of II III and IV year students in academic year 2019-20Published By: PROF SHREE PRAKASH SINGH, CHIEF WARDEN, HOSTEL",26-06-2019,https://www.imsnsit.org/imsnsit/plum_url.php?D6s1d7oSnyyLCbkBzArkmPhD+jCDBF1qSh1hYmmZY+u2CUlFkPhSqB2jvlhRGz+hym68Pqh2LJSeEj7td+tAw2GkKakkmsKL6Yqd0fmCIBM6p2qcl2de1SPw20tda0jU3V79GHC6KsnLrFhIs1QFl6dFhmrp5AWi3WszzD3kdpyBG4tMVJ+Kfaqt7H8xmqaJSNKWhRFdUp4r89cPOfwdj5aZljQm5HzM9SxkwC5n94mhEXoJ77lZZShYC+M8dtol1ezoy+UVNTt6MaYal1MNGg==
20,"GUIDELINES AND TIMELINE FOR REGISTRATION FOR NEXT ODD SEMESTERPublished By: Prof SUJATA SENGAR, ACADEMIC SECTION",26-06-2019,https://www.imsnsit.org/imsnsit/plum_url.php?wbKUzHW50QLDdr6MfNstf5WVizX3r5rVpV2u7kUpM26tOUTLSNnygNpZ6hnUI9bmKXhQekVZhF6VyI7P63IwzQqK1FpSpZs8sC7J4cRVsfhZUBF7/6QitzuuHwGkbxorl3rp+bvnXQLJBLdWBRtCIowK3zeBlGf4/xDHwtkARxxH9eVuVQMlsOplxYniHJjm1gOwblW6q5HY8B+jWzD/xmUunbsdC+Wnu233EO9uP6j7u86aku0ktYyThmFrmrAj
21,"Invitation of Applications for Female Physiotherapist (Part-time basis) in NSUTPublished By:  SURESH SARAF, ASST REGISTRAR-1, ESTABLISHMENT SECTION",26-06-2019,https://www.imsnsit.org/imsnsit/plum_url.php?/WWjHtzO3IKi5kWMFl/Z1Doi+oh+vprNEp191llPOSqpl3cQH5E8/BQIr8Yc0Q/UgMiczhUphYlkVyyGvefYUYWeui/XhhQcEQ7vGAg3eJb9P7oxnt4HtFVuz+QKbmQrMZflVsXtna2FdY4zBdQ7JXhJsQUh2rxo0WbWv/oW6NMoMERa/Fk3WHvA+5Q1j111hNOqlbLhtVOP/M00isZy/Q==
22,"Time table related query (COE department)Published By:  PREETI KAUR, ASSOCIATE PROFESSOR, COMPUTER ENGINEERING",25-06-2019,https://www.imsnsit.org/imsnsit/plum_url.php?RZ+3k/jJgpdtjZaE6MssrngjBAiiPeHaGHIZ2rF92c6q8TRUx5NZPyBdb3xK+SDQH7wVcI8i5iBNwnShOdkYrDhBMtm+SaArdlGTVZK6KNr0MgOBMq9Or5pwrM0qZkLy4NMGnsyo+p/xQPz9YSiA+7HtL5h1DSSFWd3cRFuBeR3PQjiNP+gpigmZL+LIG1VBPXGoZk4URrO3gam7bzkHLy3Xl8LSRgZrZMnRulBfDxQ=
23,"TIME TABLE (COE) FOR VII SEMESTER 2019-20Published By:  PREETI KAUR, ASSOCIATE PROFESSOR, COMPUTER ENGINEERING",25-06-2019,https://www.imsnsit.org/imsnsit/plum_url.php?F61XBLHGKYHFmY0WpE3KxsPZeQM7V2Duu7xHHZ4qwrfaJbyRr+yVnInc62Hwy0R6az2CgeZ6Tss2gY8uuDY/b4Xeeg5312eBBGgaqGhyUidoXhUUb6+Wz/gG908sfVa6zcCizmYn7Jy5viDO5fV0Id2a57ZQwlG3twxqY9AeWTqOmawehM0OuDrF048ozqeM
24,"TIME TABLE (COE) FOR V SEMESTER 2019-20Published By:  PREETI KAUR, ASSOCIATE PROFESSOR, COMPUTER ENGINEERING",25-06-2019,https://www.imsnsit.org/imsnsit/plum_url.php?tF5jLvTqipS+9ONHYp1k+sJZZk6cJLkRcxzoTExPzmmt/Gl3aeK9A5JAXTcQ0L7DPD8hbBpCMnswmKGYTM6kS+iFguc8iXb+I0SljyDYbE2xSSmxbJVA6oz0ltEJX4rt0hYWqrkCJY/bLLiA6K2l8GcfYwwG8UVa5Z7bAc2FdPtz3ikVhEV0VoX/Ye9YivkIApvkAOAR0+n9OjMxlnWUyQ==
25,"TIME TABLE (COE) FOR III SEMESTER 2019-20Published By:  PREETI KAUR, ASSOCIATE PROFESSOR, COMPUTER ENGINEERING",25-06-2019,https://www.imsnsit.org/imsnsit/plum_url.php?GNcgR7b1MjvbUijWmfxnOV/ZBNpI1JPMSHiEJfTAVWHOsrlE5RtLw7nQgvvLt0Vfwijc20HYjAPPs2gZfz+G1Dx3MDmTOr1h0PSLkMYhpE5unzLJuSVUYD3S9iWfPevA8wFJUpK+vptVTquuTpNSvVleTWXsjZGmKQfzGC9OKWls7hYEZyRCR5dnt4aZg9aF
26,"Time table ICE Deptt. Odd sem 2019Published By: Prof. ASHA RANI, PROFESSOR, INSTRUMENTATION AND CONTROL ENGINEERING",25-06-2019,https://www.imsnsit.org/imsnsit/plum_url.php?o65I1RoJ8XfXo5bv3tGCuuwMfdUzLY5FKcBAuNMPbpPGV6mErbPEmvTtz8IKD7rfLIajIbA/bRN6oFNq3/g38vtqPM8RHG5Zmm3UNK6dOSZIflr8qDg632dQ0G2NoPVOyyHau2weAGVqfNKthgOVvvYRgxFn5vB9/WqH1hR9V997bvuSGVtwzNIU/8ul/rZFnjh5a25r9HtbUi4YFgN+Hmmo2NCE044lfY/Rs6wV+xE=
27,"Time Table of MPAE(I/III/V/VII) - ODD Semester-2019Published By: Dr ANDRIYA NARASIMHULU, ASSISTANT PROFESSOR, MANUFACTURING PROCESSES AND AUTOMATION ENGINEERING",25-06-2019,https://www.imsnsit.org/imsnsit/plum_url.php?ohWJ0CjdyBTKCE/FAkAjtGCZnaTY7Y32i6X/m1RO3qqKHkyoislPhSCD9WDIHVP+2xfvHn99IYyHdxuoeUaOVKDyEW5YmpzTJ9AjD4ncBCYtqQIrQNWRi5HwEPjAokJ93951SaXAyXMOdsUGGF2ax4OpaLwTYB2m3fvUUoS1SVNNBCavgBJzr7C64KJNG8EJpoie9XHjNEEn/LsdEw7X6g==
28,"Time Table of ME(I/III/V/VII) - ODD Semester-2019Published By: Dr ANDRIYA NARASIMHULU, ASSISTANT PROFESSOR, MANUFACTURING PROCESSES AND AUTOMATION ENGINEERING",25-06-2019,https://www.imsnsit.org/imsnsit/plum_url.php?D5xKNJDjVG6d8D/QsWWpMIpDkYpVQKsT1Pgf31CbOzaUGjM3TpkP08mYEyVNq0sJsE9EyHZumQ5PxpzsgLpgMKqNRqTlS85GRUQyYY4RqIgptjure28gkcDPvNMQ+CLIlyYt/h4FVFJHtwnI+lu9SaE01GaN9BZ6s7uFPRuVzRgqebFMBeNA83V2SGXqsGHwRujrWg38ztLwpvk8FdJR2A==
29,"TIME TABLE (ECE) FOR ODD SEMESTER (III/V/VII) 2019-20Published By: Dr. ANKUR BANSAL, ASSISTANT PROFESSOR, ELECTRONICS AND COMMUNICATION ENGINEERING",25-06-2019,https://www.imsnsit.org/imsnsit/plum_url.php?8+/ECT95pLu2OK0qWW6mRFFss4ZVkHnlO7mdbYllq9NO9DrtE4fxpY4Lj1Ku6jAEPFA1QvL/XLtHzm6PE26wau4HGyyO8Y9GHk9HoR55l2zECo65Tq7xM73YLgldoiWhGPa5rVUucC007nJHzBfRba+KD9FG5uuLukqZaa0BGFHO21dnPsA6UZBvZ/StN/+OFNyTy2clMbPWZxjhK8jYiVNd92ofZ/twed2rfYa+zF9EJLcW3k73YDNuF4KERWpY
30,"Time Table of Odd Semester 2019 for IT Department (1st, 3rd,5th,7th)Published By: Mr. SATISH KUMAR SINGH, ASSISTANT PROFESSOR, INFORMATION TECHNOLOGY",25-06-2019,https://www.imsnsit.org/imsnsit/plum_url.php?eY2UeGtPrzku8PQeSGkudnSMmpB6o3o9KbG7ytvVw7x9oPMoW0elJwiV4FjxCkwH5+8uVTrz2wCI5xTnP9/q8tmmSYYPcZ08W8MLGzFK0rLkFOIqrTOF0IgHF/4Fz6joA4u432dnGem0geUBPjeC2gpVupdULi48uyEqXFpvTHEk65vSceuo/cI4G3vyGpQqFKI2UWIfSf666QwD7vYBZBxIxno713N7rvtxPKzeKfo=
31,"Time Table of Odd Semester 2019 for BSE Division (3rd, 5th and 7th Semester - B.E. Biotechnology)Published By: DR YATENDER KUMAR, ASSISTANT PROFESSOR, BIO TECHNOLOGY",25-06-2019,https://www.imsnsit.org/imsnsit/plum_url.php?m7TO8bvVDLeP/0USloaNQHqKqTDh00byBOgiq3FYoCY2Q4lwcLU4AQw/8eo0ZeW5/DgtA4suia929jlget2sTSrbVaRrM1Ja1Fj6qV29mlYMFtXPh3T/CuqO2jKH1jl79sIOBKWFEQYrAJ0NM/4dq0n0iI8vCkOYJ9ynJN5aJ6THinUsRFWiE19Uu9RIVfzkWPNP94y55oXMW9Nhi6st+OQnfeA5MktYZlXaA9qQo6o=
32,"Farewell Batch of 2019Published By:  ABHISHEK FAUJDAR, SENIOR SYSTEM ANALYST, CENTRAL COMPUTER CENTER",30-05-2019,https://www.imsnsit.org/imsnsit/plum_url.php?b3gPkjAppXAVwpz4VNiYBDdlTExYZ0cWNWhaw6IuDbHU75xMUXteZCIEhjBHlKiIzL/6y7ppyUSH5oAEQDy2oG//+cem826E0c15vwhMtoHKjHeE+WEPcbcdFKB436p0Uq465s1SzQeJi/p9SVOkivYo4K0zaelz9D5eLYy8dny2yaNe45SjD4fucpbts9gyjRdtUFlQ9zmDSROnQsS+mw==
33,"Project Guidelines for 7 sem ECE stdentsPublished By: Dr BHAWNA AGGARWAL, ASSISTANT PROFESSOR, ELECTRONICS AND COMMUNICATION ENGINEERING",30-05-2019,https://www.imsnsit.org/imsnsit/plum_url.php?a++1i5zWvFxfQSLKEz06kvK5TeZHeyTpT1fYsau/5r4zRlJqPt608dBGfAYqMy26UktMKtthzRKyx+D5U1feXHTD4GXITUcE0jnAQ1MYUFdb+2MtxQs+ARTVGrB2t/ZLYM/bQtTAIEqqMt8TX2gAsNwbMlv/CWIJozKHWMgtw8rGH8a2xNmJPJOk/6wO9/QjeenL6T5BCwSJz6Z4KQiGBUqMQRyOXduR2iKFMKgUqG4z5o2aMQmEPtGYArFQa9WR
34,"RM and IPR Course for Ph.D. ScholarsPublished By:  HIMANSHU SINGHAL, SENIOR SYSTEM ANALYST-1, UNIVERSITY MANAGEMENT CENTRE, CENTRAL COMPUTER CENTER",28-05-2019,https://www.imsnsit.org/imsnsit/plum_url.php?sI1459rnQO8vEMghpp/d+nN4F1GtAqXEtcL+rN9RjvSNYNZ2eWVXMIi8ItcXhars2bvubyWYzi3fMFxkkcbm0RUFub8Kt84E5r7XLrTxgFihYMXWnRgyKxQP6OSEskaYAIFxNDLLPvwWGPQMRB05qXOWyBjGBiJoI02BAp/dfds24jSXrh6fnnRMbIcrF1wo
35,"VII Semester MPAE and ME  BE Project Guide AllocationPublished By: Dr ANDRIYA NARASIMHULU, ASSISTANT PROFESSOR, MANUFACTURING PROCESSES AND AUTOMATION ENGINEERING",27-05-2019,https://www.imsnsit.org/imsnsit/plum_url.php?/tFgjoxrEQlW2LRxlF418L25UctbPvHPtm31GAAxq0EZSuwFTr4cUvfYQYtzyHd/jL0OgmaiGfttQPvyJLJFHKAupG39CSd4lQUeULO2DTesZDIirzVrcKcMAXJkivepHGg1efqqX48l5bPOIHm4DHbchtwA5fn8w/TmJ4lE6zYZsyfeErVBljoI/qOiNSzYJyD28K9ty0MdgRkXSYvOQjzh3SMCoen4PtEv9Envt4XeIOZSbokmcpzRJHCmoT0q
36,"Instructions for students who availed LOAN from banksPublished By:  HIMANSHU SINGHAL, CENTRAL COMPUTER CENTER",24-05-2019,https://www.imsnsit.org/imsnsit/plum_url.php?ZlJY+zzvF4uZcohcYYUFANlX+PZuNAJ2wuyPZZYNdwqd7gk1fNWuP2UO7Uys1lpzYE+xJjqNH4Fl1yg1YfMZQtnE9ZsUtoxZWsOTeHPMyNsmJwpuLgBhkpwAf1WOZgDFr4kb0Y4Y6A+vCMapHOFZxA01zN+l2zRNNOemb79lUH88nQbB+VVjdfY5NZYreEB+
37,"Guest Faculty Remuneration Bills regardingPublished By:  KARNAIL SINGH, ACADEMIC SECTION",22-05-2019,https://www.imsnsit.org/imsnsit/plum_url.php?Fc3NU1QaNCi6Oomql70+yhz81D0LH7B2PndCR07RRovPYr04OvRC3kNYIHvh8P+MqLLiQFDXOIgZSDxB2HHPJkaHJQRAocFBspkhF7vJrR5moVjJwhHA+AqIfVEXI2wAoEP75l7EkEivKP+LXSo4boI2iYp3un1k2hbyhB5Fvr3G3VbX4x1jpOzMiU2cmyYYpHMVFnJVdmnh2XGVIUmKKw==
38,"ECE BE PROJECT SCHEDULE-4Published By: Dr BHAWNA AGGARWAL, ASSISTANT PROFESSOR, ELECTRONICS AND COMMUNICATION ENGINEERING",21-05-2019,https://www.imsnsit.org/imsnsit/plum_url.php?UCgTyK2Vcr9rMTMOoYAOOdFJZrqdI1NEvYAzfh5seGa2YoEsMNu4QoWJ4tvbBzzcbiZCavS3igxwP7s7XZIz//ZbhhAO2AprYDXGK/+zV7utVxP7tvUZMDQMfbt527gdx2JbFjIm14DoHj5dDgcK76H93tYJYwQNJOpKmb2fGxFum0qjzT/KpPs0s01/P8/fRQn63YvkRcSkmlGn9oYr3tBpNcvl9lRIkTcpnNAJxYE=
39,"ECE BE PROJECT SCHEDULE-3Published By: Dr BHAWNA AGGARWAL, ASSISTANT PROFESSOR, ELECTRONICS AND COMMUNICATION ENGINEERING",21-05-2019,https://www.imsnsit.org/imsnsit/plum_url.php?2xduNpbfuBQ6UUzJB/EKlNlg8iWKcVqKO4jXBeNQw7T7FX2r1CHZQ6GdzYJKNp4BAVXKEk2frvntXydUkXHXvaaXBPc0qZMEVLAMOZPrKgMDzUAkyxKPDoLGL33v7Ic857uhVu9yFgt1aeHixVrg2R01Up4pWjJfeWb12bFOw/FVcDJ3EgQBvcUT4tixiHz2JqWYVJKF7DqEKSYmWvoomBBF7rBbls9mrYoK06eP1N8=
40,"ECE BE PROJECT SCHEDULE-2Published By: Dr BHAWNA AGGARWAL, ASSISTANT PROFESSOR, ELECTRONICS AND COMMUNICATION ENGINEERING",21-05-2019,https://www.imsnsit.org/imsnsit/plum_url.php?oOjGjlqwTRn71XPIr3Y1Fhg5EQb6vvGoXXZNZPqTi8ebUX9Notmd121bc2Xssyf12Af1mhPiBBBXIcFfjjfi2eDQp0sutDvs2A6ry+cNnfeTadEpPDNhuWrbDI9rz28/eZkn0tIRhiTQUMc1dQciSUsOiSGpxrCZE6qBq/RhtsT1qnI8aFDKY5QKYFe0PKM1CoT/QGH14srDJuSk3P2p+A==
41,"ECE BE PROJECT SCHEDULE -1Published By: Dr BHAWNA AGGARWAL, ASSISTANT PROFESSOR, ELECTRONICS AND COMMUNICATION ENGINEERING",21-05-2019,https://www.imsnsit.org/imsnsit/plum_url.php?H1EVepvqrJ4fmOkFRI9LOulGXlF6Eb+ts83tXO6bBCg2jhZZmSL9oeWUoivLsxzGLpsZHKCxWvha4ASr9cB0d5EbpxL4Jh8ns4MgSN4sAyHS9MRoUlk7pCV8/AeZ31PmpHbzMM2e403YsuV9sZzhlaEfpiwqAzzqKyhtRMYEx3tovYsvL7RYJe62cKb/alVFJZNU+0/LFXK7tnERMmF5SQ==
42,"B.E. (ICE) Seventh Semester-Project 1 (ICC 23) for next academic session (July/August-2019)Published By: Prof AMAR NATH JHA, PROFESSOR, INSTRUMENTATION AND CONTROL ENGINEERING",17-05-2019,https://www.imsnsit.org/imsnsit/plum_url.php?Qfub7x/gEod9ZHJp6Rvnga31ozD64iEpublcJ/CA1pccpLAowIvml6D3wMWfAlJgIeJyLcVMG55iQ1TNRE0VIqBiiJGu+svmBKmavb/irbmCtVWv7XZoVbIz+HMq3N+kbF72IdIouPSZg1EgLqn2mjWahmNtu/NLBG/Krad3NKRaeJiCZtGmBAQ6unypx8zm26ZVi07JbVtRm7bAFrV85A5Jbpv7pnONYi0bsy/bAdkOmmEVT+4IaCuDF86mU1ox
43,"Notice & Guidelines for final year ECE students regarding their Project - revisedPublished By: Dr BHAWNA AGGARWAL, ASSISTANT PROFESSOR, ELECTRONICS AND COMMUNICATION ENGINEERING",16-05-2019,https://www.imsnsit.org/imsnsit/plum_url.php?ta2sxHiUGsIxe5cVqjr9rnjAExAXB7OZuoGqWpkORJV5f2x3zCG0F/IVOn5CFnjKZxU+/TC2VncHsOCghfxw3kfoLaraDyl2PfPeK6Vq6Z8tCiDe4OKhCQhkT6MUkhnqg2sFKigFGLbobEwZxb44BQBXxXjGPeL9EjFujhPefTJq59DF5+9dhNu4bb23oAqBUdzEz/Nj5r5oT3Xx3kNvvLyinCK7nrSLu7heivNAQGTj0rxvr0ne78r0OyG2HmN+
44,"ECE BE Project TitlePublished By: Dr BHAWNA AGGARWAL, ASSISTANT PROFESSOR, ELECTRONICS AND COMMUNICATION ENGINEERING",16-05-2019,https://www.imsnsit.org/imsnsit/plum_url.php?Z2maueNHnM/lcMwe7LUBYAx+Rk+xR3Bgiz+GTLYFHa0MwD4LdFgx5LKiU2mC8zhmO0/h2mQJsw+bKb1EblpfBbDc4IxAoaCqJ6QXHaoMdqkJZhCe5xxJ49ABo/S5/noIFs8AK3hmk7I1OnngBS9Q0ZuIXa26Mc/7t0uiQ1rGrf2OeI7RuOibTP/T0DRiuOR3dF0eyEO00xb2plgmp7h11A==
45,"Invitation - Award for professionals and organization by IETEPublished By: Dr. ANAND GUPTA, ASSOCIATE PROFESSOR, COMPUTER ENGINEERING",16-05-2019,https://www.imsnsit.org/imsnsit/plum_url.php?LhgTNbMYZXgm4p+WuGJZuOL1ZB7JBbEb34v/ZRoiLK6uOXJDxqeqJxJvjKwiSkhhYmcAnR8j2T+ItZYJ4i9bTWjzV5A6Rwg0QGUT5LmpqgBF2yroZg42P7UTCSHk6UBiUd6p9/lRLocuHJC5hApD26LR9cvpzH1fyVb7F4Jm/I5C4eiWDH0hawFz8jsU3dsAvtADhBj7pM4vp6/T38Ky0Q==
46,"Notice for rescheduling of Practical Exams : EC220, SPC04, SPD15 (Division of ECE)Published By: Dr KUNWAR SINGH, PRACTICAL SUPERINTENDENT, ELECTRONICS AND COMMUNICATION ENGINEERING",16-05-2019,https://www.imsnsit.org/imsnsit/plum_url.php?+NZfPSOqsaENGp0Ib5ALwQY1L5omxsS3fU/oPOEmm0v1SuLAcNC+jx9iwtF1c1xI4PJqHbNXeMcZSggvzhomw1nxqlbEm+8TUeQTaQ57ThRUO5+I+dx+c7X04I56tG5pDKstR0z9FJ+v8Waio/LSbBFEDysD/3IAdnkeL5W4C4T2n9DbX0SjEbL15u9D5mDu
47,"Notice regarding B T P guidelines for final year ICE studentsPublished By: Prof AMAR NATH JHA, PROFESSOR, INSTRUMENTATION AND CONTROL ENGINEERING",10-05-2019,https://www.imsnsit.org/imsnsit/plum_url.php?DyRY1vNC6Y7SSBJ7DsWM5lav5dxpveTrShNGtqjeHTkoM1adaPDDXLbIAmfN8Mckv88Dlc+T46MyAL8smZEworDd/PNTDMP+j2Qug45K1XCuYJqljh+a0X8TWPe3hbkTOneEsKzeKD5YimZ5BXGhGCuUorPnktoRD9giqihsUFmaC8BvI/Dk6tGGPjBze7HAUg7hNYWGzQZCvDqFre9czU3eVKmpR40rKrjLZdCXXN0VMn3MP6MPw/RITzOhQ68/
48,"DASA Students Fee NoticePublished By:  ABHISHEK FAUJDAR, SENIOR SYSTEM ANALYST, CENTRAL COMPUTER CENTER",09-05-2019,https://www.imsnsit.org/imsnsit/plum_url.php?NuWtte2p4ajlsWcshspVSgMdDnf+QZull46NvXy1Pvtl/d4s8X+wFdxCe1YX0imCFMZ3oPPxh2cX928zFMQY9/Mj18/SM5R9mp7cTub/JvVdaUp1jWorH2SL9K1caxu0ziaQoFOGu9ryh8bySj1bKqk5m61sGcbjL4GInwmnASgXLaz3svYs6nTcrvwaln0AFB5P6dfPZp3gv9M5ZRcQ3w==
49,"Hostel and Mess fees for academic session 2019-20Published By: PROF SHREE PRAKASH SINGH, CHIEF WARDEN, HOSTEL",08-05-2019,https://www.imsnsit.org/imsnsit/plum_url.php?fHbvQgR6U069ZomKJQ4PJE14fvaHIuPO06vpR+kjWdwZnvnrkpA+nb5/NuF8o6teZ46NOzWYYMuuccIFSfYyklUALf6ldTdiFaBhgoMTkrjjbbQJz0cTojiMr1Hr2Qm9lbmROm6ph/6YkIjJ4wZuaYLlIPN3I9TW+A8eLlmff0manxKQMnfZuvndm3DLmKeWHgEu3W0DElmx2SlboWJIk1oMSdhNHy2+VzJjmniVCbs4s570lGLFbo4ITvSv9nfi
